<?xml version="1.0"?>
<hl7model rendered="8/28/2013 10:33:55 AM" datatypesRelease="R1"><pages><page name="Pg-1" width="12.02" height="6.92"><class name="Message" type="OtherClass" rimName="Message"><graphics shapeId="Sheet.124" width="1.25" height="0.75" x="1.285" y="2.535" flipX="FALSE" flipY="FALSE" autoWidth="1" autoHeight="1"/><description>A stub class that, in an instance, will be replaced by the interaction or interactions contained within the batch.</description><annotations><description>A stub class that, in an instance, will be replaced by the interaction or interactions contained within the batch.</description></annotations><notes><Note name="Sheet.1" type="Note" noteType="Note"><graphics shapeId="Sheet.1" connectedShape="Sheet.124" x="1.01" y="1.3711598395454" width="1.94540276724892" height="0.722319679090712" beginX="0.972701383624458" beginY="0.361159839545356" endX="1.24770138362446" endY="1.14999999999996"/><annotations/><notes><text>This is a so-called Stub which links
the Batch class to the Message class.
In instances this stub will be replaced
by instances of the Message class.</text></notes></Note></notes><associations><association name="batch" beginX="1.285" beginY="2.91" endX="1.27470415353147" endY="4.01" target="Batch" targetShapeId="Sheet.11" rimTarget="Transmission" rimName="batch" shapeId="Sheet.114" source="Message" cardinality="" required="0" mandatory="0" blocked="-1" businessName=""><traversal x="0" y="-0.549999999999999"/><traversal x="5.14792323426738E-03" y="-0.549999999999999"/><traversal x="1.02958464685348E-02" y="-0.549999999999999"/><annotations/></association></associations></class><class name="Batch" type="OtherClass" rimName="Batch" businessName="Batch_Response"><graphics shapeId="Sheet.11" width="3.09117294614974" height="1.6486600938585" x="2.0474973900689" y="4.83433004692925" flipX="FALSE" flipY="FALSE" autoWidth="1" autoHeight="0"/><description>The key transactional information for a batch response - a message that is a collection of HL7v3 response messages.</description><annotations><description>The key transactional information for a batch response - a message that is a collection of HL7v3 response messages.</description></annotations><attributes><attribute name="id" rimClassName="Transmission" datatype="II.BUS" cardinality="1..1" conformance="R" mandatory="true" maxLength="0" historyAllowed="false" businessName="Batch identifier"><description>The identifier for the batch contains the unique identification of this instance of the interaction.</description><annotations><description>The identifier for the batch contains the unique identification of this instance of the interaction.</description><rationale>Allows detection of duplicate messages, and allows tying acknowledgments to the message they are acknowledging. The attribute is therefore mandatory.</rationale><designComm>BC BATCH) Constrained datatype to II.BUS to match BC implementation.</designComm><impNotes>(BC BATCH) Unique Message ID must be sent unaltered on resend attempts. Recommendation to use GUID or timestamp with added sequence number. 

OID must be set to 2.16.840.1.113883.3.51.1.1.1</impNotes></annotations></attribute><attribute name="creationTime" rimClassName="Transmission" datatype="TS.DATETIME" cardinality="1..1" conformance="R" mandatory="true" maxLength="0" historyAllowed="false" businessName="Batch created"><description>Indicates the date and time this particular batch instance was constructed.</description><annotations><description>Indicates the date and time this particular batch instance was constructed.</description><rationale>Allows identification of how current the information in a message is. Also provides a baseline for identifying the time-zone of other times within the message. As a result, the attribute is mandatory.</rationale><designComm>(BC BATCH) Data type changed to TS.FULLDATETIME to match BC implementation.</designComm><impNotes>(BC BATCH) The grammar for the date/time is: YYYY[MM[DD[HH[MM[SS[.SSSS]]]]]][+/-ZZZZ] (24 characters). Dates and times (or portions) specified must be valid dates and times.</impNotes></annotations></attribute><attribute name="responseModeCode" rimClassName="Transmission" datatype="CS" cardinality="1..1" conformance="R" mandatory="true" strength="CNE" valueSet="ResponseMode" maxLength="0" historyAllowed="false"><description>A coded indication of the responsibility of the receiver with regard to sending a response to the batch. E.g., the receiver is required to send an immediate response.</description><annotations><description>A coded indication of the responsibility of the receiver with regard to sending a response to the batch. E.g., the receiver is required to send an immediate response.</description><rationale>Indicates how the message should be handled and is therefore mandatory.</rationale><designComm>(BC BATCH) Values can include (D, I, Q). Only Immediate is supported in BC synchronous mode implementation, so the responses are sent back immediately instead of an ACK.</designComm><impNotes>(BC BATCH) Code is "I" for Immediate (synchronous mode).</impNotes></annotations></attribute><attribute name="versionCode" rimClassName="Transmission" datatype="CS" cardinality="0..1" conformance="" mandatory="false" strength="CNE" valueSet="HL7StandardVersionCode" maxLength="0" historyAllowed="false"><description>Indicates the version of the messaging standard being referenced.</description><annotations><description>Indicates the version of the messaging standard being referenced.</description><rationale>Needed to know how to validate message definition, vocabulary and other information and is therefore mandatory.</rationale><designComm>(BC BATCH) Cardinality is constrained to (1..1).</designComm><issues>(BC BATCH) What should be the fixed value in @code? (Issue #4)</issues></annotations></attribute><attribute name="interactionId" rimClassName="Transmission" datatype="II.BUS" cardinality="1..1" conformance="R" mandatory="true" maxLength="0" historyAllowed="false"><description>Indicates the interaction conveyed by this message.</description><annotations><description>Indicates the interaction conveyed by this message.</description><rationale>Identifies what the receiving application should do, and how the message should be validated. The attribute is therefore mandatory.</rationale><designComm>(BC BATCH) Data type is constrained to II.BUS from II.</designComm><impNotes>(BC BATCH) Root OID is 2.16.840.1.113883.3.51.1.1.2</impNotes></annotations></attribute><attribute name="profileId" rimClassName="Transmission" datatype="II.BUS" cardinality="1..1" conformance="" mandatory="false" maxLength="0" historyAllowed="false"><description>Identifies the conformance profile(s) this message complies with.</description><annotations><description>Identifies the conformance profile(s) this message complies with.</description><rationale>Indicates any additional validation that may be appropriate. Also influences what extensions can be processed.</rationale><designComm>(BC BATCH) Cardinality changed to (0..1) from (0..*). Data type is constrained to II.BUS from II.</designComm><impNotes>(BC BATCH) Root OID is 2.16.840.1.113883.3.51.7

Extension is in the format of BC.&lt;domain&gt;.BATCH.Rn.n, where &lt;domain&gt; is one of the following: CR, PRS, or PLIS.</impNotes></annotations></attribute><attribute name="transmissionQuantity" rimClassName="Batch" datatype="INT" cardinality="0..1" conformance="R" mandatory="false" maxLength="0" historyAllowed="false"><description>Number of messages being transmitted.</description><annotations><description>Number of messages being transmitted.</description><rationale>Indicates the number of messages being sent to help process included messages.</rationale><designComm>(BC BATCH) Included to BC model as an optional element.</designComm></annotations></attribute></attributes><associations><association name="receiver" beginX="3.59308386314377" beginY="4.83433004692925" endX="5.30999999999995" endY="4.035" target="Receiver" targetShapeId="Sheet.41" rimTarget="Transmission" rimName="communicationFunction" shapeId="Sheet.38" source="Batch" cardinality="1..1" required="-1" mandatory="-1" blocked="0" businessName=""><traversal x="0.858458068428092" y="0"/><traversal x="0.858458068428092" y="-0.399665023464625"/><traversal x="0.858458068428092" y="-0.799330046929249"/><annotations/></association><association name="sender" beginX="3.59308386314377" beginY="5.24649507039387" endX="5.30999999999995" endY="5.285" target="Sender" targetShapeId="Sheet.136" rimTarget="Transmission" rimName="communicationFunction" shapeId="Sheet.7" source="Batch" cardinality="1..1" required="-1" mandatory="-1" blocked="0" businessName=""><traversal x="0.858458068428092" y="0"/><traversal x="0.858458068428092" y="0.019252464803063"/><traversal x="0.858458068428092" y="3.85049296061259E-02"/><annotations/></association><association name="message" beginX="1.27470415353147" beginY="4.01" endX="1.285" endY="2.91" target="Message" targetShapeId="Sheet.124" rimTarget="Batch" rimName="transmission" shapeId="Sheet.114" source="Batch" cardinality="0..*" required="-1" mandatory="0" blocked="0" businessName=""><traversal x="0" y="-0.549999999999999"/><traversal x="5.14792323426738E-03" y="-0.549999999999999"/><traversal x="1.02958464685348E-02" y="-0.549999999999999"/><annotations/></association><association name="acknowledgement" beginX="2.82029062660634" beginY="4.01" endX="3.26695510814257" endY="1.61815240851505" target="Acknowledgement" targetShapeId="Sheet.128" rimTarget="Transmission" rimName="conveyedAcknowledgement" shapeId="Sheet.149" source="Batch" cardinality="1..1" required="0" mandatory="0" blocked="0" businessName=""><traversal x="-4.46664481536232E-02" y="0"/><traversal x="-0.446664481536232" y="0"/><annotations/></association></associations></class><class name="Receiver" type="OtherClass" rimName="CommunicationFunction"><graphics shapeId="Sheet.41" width="1.85014511411849" height="0.75" x="6.2350725570592" y="4.035" flipX="FALSE" flipY="FALSE" autoWidth="1" autoHeight="1"/><description>An indication that the related device is expected to undertake the function of receiving the batch.</description><annotations><description>An indication that the related device is expected to undertake the function of receiving the batch.</description></annotations><attributes><attribute name="typeCode" rimClassName="CommunicationFunction" datatype="CS" cardinality="1..1" conformance="R" mandatory="true" strength="CNE" codeSystem="CommunicationFunctionType" domainCode="C:CommunicationFunctionType" fixed="RCV" maxLength="0" historyAllowed="false"><annotations><designComm>The type code value, RCV, indicates the related device is the receiver of the batch.</designComm></annotations></attribute></attributes><associations><association name="batch" beginX="5.30999999999995" beginY="4.035" endX="3.59308386314377" endY="4.83433004692925" target="Batch" targetShapeId="Sheet.11" rimTarget="CommunicationFunction" rimName="transmission" shapeId="Sheet.38" source="Receiver" cardinality="" required="0" mandatory="0" blocked="-1" businessName=""><traversal x="0.858458068428092" y="0"/><traversal x="0.858458068428092" y="-0.399665023464625"/><traversal x="0.858458068428092" y="-0.799330046929249"/><annotations/></association><association name="device" beginX="7.16014511411844" beginY="4.035" endX="9.115175341458" endY="3.2975" target="Device" targetShapeId="Sheet.5" rimTarget="CommunicationFunction" rimName="entity" shapeId="Sheet.189" source="Receiver" cardinality="1..1" required="-1" mandatory="-1" blocked="0" businessName=""><traversal x="-1.40517534366978" y="0"/><traversal x="-1.40517534366978" y="0.36875"/><traversal x="-1.40517534366978" y="0.7375"/><annotations/></association></associations></class><class name="Device" type="Entity" rimName="Device"><graphics shapeId="Sheet.5" width="1.994824658542" height="0.75" x="10.112587670729" y="3.485" flipX="FALSE" flipY="FALSE" autoWidth="0" autoHeight="1"/><description>Information for the device - item of equipment - that is employed in sending, receiving, or responding to the message.</description><annotations><description>Information for the device - item of equipment - that is employed in sending, receiving, or responding to the message.</description></annotations><attributes><attribute name="classCode" rimClassName="Entity" datatype="CS" cardinality="1..1" conformance="R" mandatory="true" strength="CNE" codeSystem="EntityClass" domainCode="DEV" maxLength="0" historyAllowed="false"><annotations><designComm>The class code value, DEV, indicates that the entity in question is a device.</designComm></annotations></attribute><attribute name="determinerCode" rimClassName="Entity" datatype="CS" cardinality="1..1" conformance="R" mandatory="true" strength="CNE" codeSystem="EntityDeterminer" domainCode="INSTANCE" maxLength="0" historyAllowed="false"><annotations><designComm>The determiner code value, INSTANCE, indicates that a particular device instance is being referred to.</designComm></annotations></attribute><attribute name="id" rimClassName="Entity" datatype="II.BUS" cardinality="1..1" conformance="R" mandatory="true" maxLength="0" historyAllowed="false" businessName="Application id"><description>The unique identifier of the application or system from which the message has originated or to which it is being sent.</description><annotations><description>The unique identifier of the application or system from which the message has originated or to which it is being sent.</description><rationale>Identifies the sending or receiving device/system inside the organization.</rationale><designComm>(BC BATCH) Datatype constrained to II.BUS from SET(II). Cardinality is constrained to (1..1) from (1..*).</designComm><issues>(BC BATCH) Root OID is incorrect and must be changed (Issue #7).</issues><impNotes>(BC BATCH) The Receiver OID for the BC.CR.BATCH is 2.16.840.1.113883.3.51.1.1.4

The Sender OID for the BC.CR.BATCH is 2.16.840.1.113883.3.51.1.1.5</impNotes></annotations></attribute></attributes><associations><association name="receiver" beginX="9.115175341458" beginY="3.2975" endX="7.16014511411844" endY="4.035" target="Receiver" targetShapeId="Sheet.41" rimTarget="Entity" rimName="communicationFunction" shapeId="Sheet.189" source="Device" cardinality="" required="0" mandatory="0" blocked="-1" businessName=""><traversal x="-1.40517534366978" y="0"/><traversal x="-1.40517534366978" y="0.36875"/><traversal x="-1.40517534366978" y="0.7375"/><annotations/></association><association name="sender" beginX="9.115175341458" beginY="3.6725" endX="7.16014511411844" endY="5.285" target="Sender" targetShapeId="Sheet.136" rimTarget="Entity" rimName="communicationFunction" shapeId="Sheet.179" source="Device" cardinality="" required="0" mandatory="0" blocked="-1" businessName=""><traversal x="-0.977515113669777" y="0"/><traversal x="-0.977515113669777" y="0.80625"/><traversal x="-0.977515113669777" y="1.6125"/><annotations/></association><association name="asAgent" endX="10.735" endY="4.41" beginX="10.112587670729" beginY="3.86" target="Agent" targetShapeId="Sheet.15" rimTarget="Entity" rimName="playedRole" source="Device" cardinality="0..1" required="0" mandatory="0" blocked="0" businessName=""><annotations/></association></associations></class><class name="Sender" type="OtherClass" rimName="CommunicationFunction"><graphics shapeId="Sheet.136" width="1.85014511411849" height="0.75" x="6.2350725570592" y="5.285" flipX="FALSE" flipY="FALSE" autoWidth="1" autoHeight="1"/><description>An indication that the related device has undertaken the function of sending the batch.</description><annotations><description>An indication that the related device has undertaken the function of sending the batch.</description></annotations><attributes><attribute name="typeCode" rimClassName="CommunicationFunction" datatype="CS" cardinality="1..1" conformance="R" mandatory="true" strength="CNE" codeSystem="CommunicationFunctionType" domainCode="C:CommunicationFunctionType" fixed="SND" maxLength="0" historyAllowed="false"><annotations><designComm>The type code value, SND, indicates the related device is the sender of the batch.</designComm></annotations></attribute></attributes><associations><association name="batch" beginX="5.30999999999995" beginY="5.285" endX="3.59308386314377" endY="5.24649507039387" target="Batch" targetShapeId="Sheet.11" rimTarget="CommunicationFunction" rimName="transmission" shapeId="Sheet.7" source="Sender" cardinality="" required="0" mandatory="0" blocked="-1" businessName=""><traversal x="0.858458068428092" y="0"/><traversal x="0.858458068428092" y="0.019252464803063"/><traversal x="0.858458068428092" y="3.85049296061259E-02"/><annotations/></association><association name="device" beginX="7.16014511411844" beginY="5.285" endX="9.115175341458" endY="3.6725" target="Device" targetShapeId="Sheet.5" rimTarget="CommunicationFunction" rimName="entity" shapeId="Sheet.179" source="Sender" cardinality="1..1" required="-1" mandatory="-1" blocked="0" businessName=""><traversal x="-0.977515113669777" y="0"/><traversal x="-0.977515113669777" y="0.80625"/><traversal x="-0.977515113669777" y="1.6125"/><annotations/></association></associations></class><class name="Agent" type="Role" rimName="RoleHeir"><graphics shapeId="Sheet.15" width="1.25" height="0.5" x="11.235" y="4.61" flipX="FALSE" flipY="FALSE" autoWidth="1" autoHeight="1"/><description>A way of associating a device with the organization for which it acts as an agent.</description><annotations><description>A way of associating a device with the organization for which it acts as an agent.</description></annotations><attributes><attribute name="classCode" rimClassName="Role" datatype="CS" cardinality="1..1" conformance="R" mandatory="true" strength="CNE" codeSystem="RoleClass" domainCode="AGNT" maxLength="0" historyAllowed="false"><annotations><designComm>The class code value, AGNT, indicates that the scoping entity is the organization that manages the device.</designComm></annotations></attribute></attributes><associations><association name="agentDevice" beginX="10.735" beginY="4.41" endX="10.112587670729" endY="3.86" target="Device" targetShapeId="Sheet.5" rimTarget="Role" rimName="player" source="Agent" cardinality="" required="0" mandatory="0" blocked="-1" businessName=""><annotations/></association><association name="representedOrganization" beginX="10.735" beginY="4.81" endX="10.128578034965" endY="5.2925709628635" target="Organization" targetShapeId="Sheet.72" rimTarget="Role" rimName="scoper" source="Agent" cardinality="0..1" required="0" mandatory="0" blocked="0" businessName=""><annotations/></association></associations></class><class name="Organization" type="Entity" rimName="Organization" businessName="Organization"><graphics shapeId="Sheet.72" width="1.7937142974681" height="0.75" x="10.128578034965" y="5.6675709628635" flipX="FALSE" flipY="FALSE" autoWidth="1" autoHeight="1"/><description>An organization that is involved in the sending and/or receiving of the batch or of information related to it.</description><annotations><description>An organization that is involved in the sending and/or receiving of the batch or of information related to it.</description></annotations><attributes><attribute name="classCode" rimClassName="Entity" datatype="CS" cardinality="1..1" conformance="R" mandatory="true" strength="CNE" codeSystem="EntityClass" domainCode="ORG" maxLength="0" historyAllowed="false"><annotations><designComm>The class code value, ORG, indicates that the entity is an organization.</designComm></annotations></attribute><attribute name="determinerCode" rimClassName="Entity" datatype="CS" cardinality="1..1" conformance="R" mandatory="true" strength="CNE" codeSystem="EntityDeterminer" domainCode="INSTANCE" maxLength="0" historyAllowed="false"><annotations><designComm>The determiner code value, INSTANCE, indicates that a particular organization instance is being referred to.</designComm></annotations></attribute><attribute name="id" rimClassName="Entity" datatype="II.BUS" cardinality="1..1" conformance="R" mandatory="true" maxLength="0" historyAllowed="false" businessName="Organization id"><description>An identifier for the sending or receiving organization.</description><annotations><description>An identifier for the sending or receiving organization.</description><rationale>May be used for routing/filtering purposes. Also allows tracking of the original responsible party for messages which may undergo multiple routing or translation steps.</rationale><designComm>(BC BATCH) Data type is constrained to II.BUS from SET(II).</designComm><issues>(BC BATCH) Organization id OID is incorrect (Issue #8).</issues><impNotes>(BC BATCH) Root OID is 2.16.840.1.113883.3.51.200</impNotes></annotations></attribute></attributes><associations><association name="agent" endX="10.735" endY="4.81" beginX="10.128578034965" beginY="5.2925709628635" target="Agent" targetShapeId="Sheet.15" rimTarget="Entity" rimName="scopedRole" source="Organization" cardinality="" required="0" mandatory="0" blocked="-1" businessName=""><annotations/></association></associations></class><class name="Acknowledgement" type="OtherClass" rimName="Acknowledgement"><graphics shapeId="Sheet.128" width="2.42396713560287" height="0.75" x="4.478938675944" y="1.61815240851505" flipX="FALSE" flipY="FALSE" autoWidth="1" autoHeight="1"/><description>Metadata necessary when acknowledging a message.</description><annotations><description>Metadata necessary when acknowledging a message.</description></annotations><attributes><attribute name="typeCode" rimClassName="Acknowledgement" datatype="CS" cardinality="1..1" conformance="R" mandatory="true" strength="CNE" valueSet="AcknowledgementType" maxLength="0" historyAllowed="false" businessName="Acknowledgment Response"><description>The acknowledgement as defined in an enumerated set of acknowledgement types.  E.g.,  the receiving application successfully processed message; the receiving application found error(s) in message</description><annotations><description>The acknowledgement as defined in an enumerated set of acknowledgement types.  E.g.,  the receiving application successfully processed message; the receiving application found error(s) in message</description><rationale>The typecode indicates if the message processes successfully or fails, and therefore mandatory.</rationale><impNotes>This attribute contains an acknowledgement code based on the HL7 Vocabulary AcknowledgementType concept domain.</impNotes></annotations></attribute></attributes><associations><association name="batch" beginX="3.26695510814257" beginY="1.61815240851505" endX="2.82029062660634" endY="4.01" target="Batch" targetShapeId="Sheet.11" rimTarget="Acknowledgement" rimName="conveyingTransmission" shapeId="Sheet.149" source="Acknowledgement" cardinality="" required="0" mandatory="0" blocked="-1" businessName=""><traversal x="-4.46664481536232E-02" y="0"/><traversal x="-0.446664481536232" y="0"/><annotations/></association><association name="acknowledgementDetail" beginX="5.69092224374543" beginY="1.43065240851505" endX="6.47566154328255" endY="0.796666793823252" target="AcknowledgementDetail" targetShapeId="Sheet.132" rimTarget="Acknowledgement" rimName="acknowledgementDetail" shapeId="Sheet.169" source="Acknowledgement" cardinality="0..*" required="0" mandatory="0" blocked="0" businessName=""><traversal x="0.392369649768559" y="0"/><traversal x="0.392369649768559" y="-0.3169928073459"/><traversal x="0.392369649768559" y="-0.6339856146918"/><annotations/></association><association name="targetBatch" beginX="5.69092224374543" beginY="1.80565240851505" endX="6.73679907854732" endY="1.87093018629285" target="TargetBatch" targetShapeId="Sheet.22" rimTarget="Acknowledgement" rimName="acknowledges" shapeId="Sheet.159" source="Acknowledgement" cardinality="1..1" required="0" mandatory="0" blocked="0" businessName=""><traversal x="0.522938417400944" y="0"/><traversal x="0.522938417400944" y="0.0326388888889"/><traversal x="0.522938417400944" y="0.0652777777778"/><annotations/></association></associations></class><class name="AcknowledgementDetail" type="OtherClass" rimName="AcknowledgementDetail"><graphics shapeId="Sheet.132" width="2.8686769134349" height="0.845193960232206" x="7.91" y="0.796666793823252" flipX="FALSE" flipY="FALSE" autoWidth="1" autoHeight="1"/><description>Information about the communication, parsing or formal (non-business-rule) validation of the message being acknowledged.</description><annotations><description>Information about the communication, parsing or formal (non-business-rule) validation of the message being acknowledged.</description><rationale>Allows identification issues related to the parsing and low-level processing of the message.</rationale><designComm>(BC BATCH) Removed optional, unsupported attributes: .location</designComm><issues>(BC BATCH) Association to this class is (0..*). Needs to be constrained to some reasonable upper limit.</issues></annotations><notes><Note name="Sheet.23" type="Note" noteType="Note"><graphics shapeId="Sheet.23" connectedShape="Sheet.132" x="10.533333478961" y="0.785930186292852" width="1.84666695792274" height="0.5" beginX="0.923333478961372" beginY="0.25" endX="-0.265661543282182" endY="0.2607366075304"/><annotations/><notes><text>Describes the error contained in the
target batch.</text></notes></Note></notes><attributes><attribute name="typeCode" rimClassName="AcknowledgementDetail" datatype="CS" cardinality="0..1" conformance="" mandatory="false" strength="CNE" valueSet="AcknowledgementDetailType" maxLength="0" historyAllowed="false"><description>The kind of information specified in the acknowledgement.</description><annotations><description>The kind of information specified in the acknowledgement.</description><rationale>Different types of messages have substantially different ramifications.</rationale></annotations></attribute><attribute name="code" rimClassName="AcknowledgementDetail" datatype="CE" cardinality="0..1" conformance="" mandatory="false" strength="CWE" conceptDomain="DAcknowledgementDetailCode" maxLength="0" historyAllowed="false"><description>The type of acknowledgement, from an enumerated set of acknowledgement types.</description><annotations><description>The type of acknowledgement, from an enumerated set of acknowledgement types.</description><rationale>By providing coded identification of issues and errors, allows applications to have logic that manages particular errors and warnings automatically.</rationale><impNotes>The contents are constrained to the value-set bound to the domain "AcknowledgementDetailType" within the realm being implemented.</impNotes></annotations></attribute><attribute name="text" rimClassName="AcknowledgementDetail" datatype="ST" cardinality="0..1" conformance="" mandatory="false" maxLength="250" historyAllowed="false"><description>The human-readable description of the error, warning or information message. May convey additional details not present in the 'code', but is not intended to be human-processable.</description><annotations><description>The human-readable description of the error, warning or information message. May convey additional details not present in the 'code', but is not intended to be human-processable.</description><rationale>Allows supplementing the 'computer' information for human-readability.</rationale><designComm>(BC BATCH) Data type changed from ED to ST, maximum length constrained to 250.</designComm></annotations></attribute></attributes><associations><association name="acknowledgement" beginX="6.47566154328255" beginY="0.796666793823252" endX="5.69092224374543" endY="1.43065240851505" target="Acknowledgement" targetShapeId="Sheet.128" rimTarget="AcknowledgementDetail" rimName="acknowledgement" shapeId="Sheet.169" source="AcknowledgementDetail" cardinality="" required="0" mandatory="0" blocked="-1" businessName=""><traversal x="0.392369649768559" y="0"/><traversal x="0.392369649768559" y="-0.3169928073459"/><traversal x="0.392369649768559" y="-0.6339856146918"/><annotations/></association></associations></class><class name="TargetBatch" type="OtherClass" rimName="Transmission"><graphics shapeId="Sheet.22" width="2.13358475034896" height="0.75" x="7.8035914537218" y="1.87093018629285" flipX="FALSE" flipY="FALSE" autoWidth="1" autoHeight="1"/><description>Information about the batch transmission that this batch is a response to (acknowledgement of).</description><annotations><description>Information about the batch transmission that this batch is a response to (acknowledgement of).</description></annotations><notes><Note name="Sheet.89" type="Note" noteType="Note"><graphics shapeId="Sheet.89" connectedShape="Sheet.22" x="10.4409262408873" y="1.88042361348465" width="2.11814751822548" height="0.588986854383681" beginX="1.05907375911274" beginY="0.294493427191841" endX="-0.511468652878243" endY="0.28500000000004"/><annotations/><notes><text>This is the Ack’ed batch.
This is a clone of the TargetTransmission
class as shown in the D-MIM.</text></notes></Note></notes><attributes><attribute name="id" rimClassName="Transmission" datatype="II.BUS" cardinality="1..1" conformance="R" mandatory="true" maxLength="0" historyAllowed="false" businessName="Original Send Batch Id"><description>Contains the message Identifier of the original Send Batch request.</description><annotations><description>Contains the message Identifier of the original Send Batch request.</description><rationale>Provides the necessary link to complete a conversation for systems using communication technologies which are not conversational. This attribute is therefore mandatory.</rationale><designComm>(BC BATCH) Data type changed from II to II.BUS.</designComm><impNotes>(BC BATCH) OID must be set to 2.16.840.1.113883.3.51.1.1.1</impNotes></annotations></attribute></attributes><associations><association name="acknowledgement" beginX="6.73679907854732" beginY="1.87093018629285" endX="5.69092224374543" endY="1.80565240851505" target="Acknowledgement" targetShapeId="Sheet.128" rimTarget="Transmission" rimName="acknowledgedBy" shapeId="Sheet.159" source="TargetBatch" cardinality="" required="0" mandatory="0" blocked="-1" businessName=""><traversal x="0.522938417400944" y="0"/><traversal x="0.522938417400944" y="0.0326388888889"/><traversal x="0.522938417400944" y="0.0652777777778"/><annotations/></association></associations></class><entryPoint entryClass="Batch" name="Response Batch Wrapper" type="EntryPoint" id="MCCI_MT200101BC"><graphics shapeId="Sheet.27" connectedShape="Sheet.11" width="2.42696082524588" height="0.500148982747397" beginX="2.5724236058467" beginY="6.2308823160807" endX="2.0474973900689" endY="5.6586600938585"/><annotations/><notes><text>Entry point for Response Batch Transmissions</text></notes></entryPoint></page></pages></hl7model>
