<?xml version="1.0"?>
<hl7model rendered="8/28/2013 10:12:03 AM" datatypesRelease="R1"><pages><page name="Pg-1" width="9.62" height="4.97"><class name="Message" type="OtherClass" rimName="Message"><graphics shapeId="Sheet.322" width="1.25" height="0.75" x="1.175" y="0.487319679090712" flipX="FALSE" flipY="FALSE" autoWidth="1" autoHeight="1"/><description>A stub class that, in an instance, will be replaced by the interaction or interactions contained within the batch.</description><annotations><description>A stub class that, in an instance, will be replaced by the interaction or interactions contained within the batch.</description></annotations><notes><Note name="Sheet.1" type="Note" noteType="Note"><graphics shapeId="Sheet.1" connectedShape="Sheet.322" x="3.49270138362446" y="0.481159839545357" width="1.94540276724892" height="0.722319679090712" beginX="0.972701383624458" beginY="0.361159839545356" endX="-0.72" endY="0.367319679090712"/><annotations/><notes><text>This is a so-called Stub which links
the Batch class to the Message class.
In instances this stub will be replaced
by instances of the Message class.</text></notes></Note></notes><associations><association name="batch" beginX="1.175" beginY="0.862319679090712" endX="1.17032707290218" endY="1.74972422485387" target="Batch" targetShapeId="Sheet.11" rimTarget="Transmission" rimName="batch" shapeId="Sheet.42" source="Message" cardinality="" required="0" mandatory="0" blocked="-1" businessName=""><traversal x="0" y="-0.443702272881581"/><traversal x="2.33646354890915E-03" y="-0.443702272881581"/><traversal x="4.6729270978183E-03" y="-0.443702272881581"/><annotations/></association></associations></class><class name="Batch" type="OtherClass" rimName="Batch" businessName="Send Batch"><graphics shapeId="Sheet.11" width="2.92130829160872" height="1.64519090847439" x="1.90065414580436" y="2.57231967909107" flipX="FALSE" flipY="FALSE" autoWidth="1" autoHeight="1"/><description>The key transactional information for a batch - a message that is a collection of HL7v3 payload messages.</description><annotations><description>The key transactional information for a batch - a message that is a collection of HL7v3 payload messages.</description><rationale>Conveys information about the interaction and how it is to be processed.</rationale></annotations><attributes><attribute name="id" rimClassName="Transmission" datatype="II.BUS" cardinality="1..1" conformance="R" mandatory="true" maxLength="0" historyAllowed="false" businessName="Batch identifier"><description>The identifier for the batch contains the unique identification of this instance of the interaction.</description><annotations><description>The identifier for the batch contains the unique identification of this instance of the interaction.</description><rationale>Allows detection of duplicate messages, and allows tying acknowledgments to the message they are acknowledging. The attribute is therefore mandatory.</rationale><designComm>(BC BATCH) Constrained datatype to match BC implementation.</designComm><impNotes>(BC BATCH) Unique Message ID must be sent unaltered on resend attempts. Recommendation to use GUID or timestamp with added sequence number. 

OID must be set to 2.16.840.1.113883.3.51.1.1.1

This id is returned in the Batch Response messages (MCCI_IN200101BC) as the message id for the purposes of correlating the result.</impNotes></annotations></attribute><attribute name="creationTime" rimClassName="Transmission" datatype="TS.DATETIME" cardinality="1..1" conformance="R" mandatory="true" maxLength="0" historyAllowed="false" businessName="Batch created"><description>Indicates the date and time this particular batch instance was constructed.</description><annotations><description>Indicates the date and time this particular batch instance was constructed.</description><rationale>Allows identification of how current the information in a message is. Also provides a baseline for identifying the time-zone of other times within the message. As a result, the attribute is mandatory.</rationale><designComm>(BC BATCH) Data type changed to TS.FULLDATETIME to match BC implementation.</designComm><impNotes>(BC BATCH) The grammar for the date/time is: YYYY[MM[DD[HH[MM[SS[.SSSS]]]]]][+/-ZZZZ] (24 characters). Dates and times (or portions) specified must be valid dates and times.</impNotes></annotations></attribute><attribute name="responseModeCode" rimClassName="Transmission" datatype="CS" cardinality="1..1" conformance="R" mandatory="true" strength="CNE" conceptDomain="ResponseMode" maxLength="0" historyAllowed="false" businessName="Batch response mode"><description>A coded indication of the responsibility of the receiver with regard to sending a response to the batch. E.g., the receiver is required to send an immediate response.</description><annotations><description>A coded indication of the responsibility of the receiver with regard to sending a response to the batch. E.g., the receiver is required to send an immediate response.</description><rationale>Indicates how the message should be handled and is therefore mandatory.</rationale><designComm>(BC BATCH) Values can include (D, I, Q). Only Immediate is supported in BC synchronous mode implementation, so the responses are sent back immediately instead of an ACK.</designComm><impNotes>(BC BATCH) Code is "I" for Immediate (synchronous mode).</impNotes></annotations></attribute><attribute name="versionCode" rimClassName="Transmission" datatype="CS" cardinality="1..1" conformance="" mandatory="false" strength="CNE" conceptDomain="HL7StandardVersionCode" maxLength="0" historyAllowed="false" businessName="Transmission version"><description>Indicates the version of the messaging standard being referenced.</description><annotations><description>Indicates the version of the messaging standard being referenced.</description><rationale>Needed to know how to validate message definition, vocabulary and other information and is therefore mandatory.</rationale><designComm>(BC BATCH) Cardinality is constrained to (1..1).</designComm><issues>(BC BATCH) What should be the fixed value in @code? (Issue #4)</issues></annotations></attribute><attribute name="interactionId" rimClassName="Transmission" datatype="II.BUS" cardinality="1..1" conformance="R" mandatory="true" maxLength="0" historyAllowed="false" businessName="V3 interactions"><description>Indicates the interaction conveyed by this message.</description><annotations><description>Indicates the interaction conveyed by this message.</description><rationale>Identifies what the receiving application should do, and how the message should be validated. The attribute is therefore mandatory.</rationale><designComm>(BC BATCH) Data type is constrained to II.BUS from II.</designComm><impNotes>(BC BATCH) Root OID is 2.16.840.1.113883.3.51.1.1.2</impNotes></annotations></attribute><attribute name="profileId" rimClassName="Transmission" datatype="II.BUS" cardinality="0..1" conformance="" mandatory="false" maxLength="0" historyAllowed="false" businessName="Profile specification"><description>Identifies the conformance profile(s) this message complies with.</description><annotations><description>Identifies the conformance profile(s) this message complies with.</description><rationale>Indicates any additional validation that may be appropriate. Also influences what extensions can be processed.</rationale><designComm>(BC BATCH) Cardinality changed to (0..1) from (0..*). Data type is constrained to II.BUS from II.</designComm><impNotes>(BC BATCH) Root OID is 2.16.840.1.113883.3.51.7

Extension is in the format of BC.&lt;domain&gt;.BATCH.Rn.n, where &lt;domain&gt; is one of the following: CR, PRS, or PLIS.</impNotes></annotations></attribute><attribute name="transmissionQuantity" rimClassName="Batch" datatype="INT" cardinality="0..1" conformance="" mandatory="false" maxLength="0" historyAllowed="false" businessName="Number of messages"><description>Number of messages being transmitted.</description><annotations><description>Number of messages being transmitted.</description><rationale>Indicates the number of messages being sent to help process included messages.</rationale><designComm>(BC BATCH) Included to BC model as an optional element.</designComm></annotations></attribute></attributes><associations><association name="receiver" beginX="3.36130829160872" beginY="2.57231967909107" endX="4.24" endY="1.61955376553046" target="Receiver" targetShapeId="Sheet.38" rimTarget="Transmission" rimName="communicationFunction" shapeId="Sheet.94" source="Batch" cardinality="1..1" required="-1" mandatory="-1" blocked="0" businessName=""><traversal x="0.439345854195638" y="0"/><traversal x="0.439345854195638" y="-0.476382956780308"/><traversal x="0.439345854195638" y="-0.952765913560615"/><annotations/></association><association name="sender" beginX="3.36130829160872" beginY="2.98361740620967" endX="4.25058158874512" endY="2.98481967909107" target="Sender" targetShapeId="Sheet.7" rimTarget="Transmission" rimName="communicationFunction" shapeId="Sheet.97" source="Batch" cardinality="1..1" required="-1" mandatory="-1" blocked="0" businessName=""><traversal x="0.444636648568197" y="0"/><traversal x="0.444636648568197" y="6.01136440701699E-04"/><traversal x="0.444636648568197" y="1.2022728814034E-03"/><annotations/></association><association name="message" beginX="1.17032707290218" beginY="1.74972422485387" endX="1.175" endY="0.862319679090712" target="Message" targetShapeId="Sheet.322" rimTarget="Batch" rimName="transmission" shapeId="Sheet.42" source="Batch" cardinality="0..*" required="-1" mandatory="0" blocked="0" businessName=""><traversal x="0" y="-0.443702272881581"/><traversal x="2.33646354890915E-03" y="-0.443702272881581"/><traversal x="4.6729270978183E-03" y="-0.443702272881581"/><annotations/></association></associations></class><class name="Receiver" type="OtherClass" rimName="CommunicationFunction" businessName="Receiver entity"><graphics shapeId="Sheet.38" width="1.85014511411849" height="0.75" x="5.16507255705925" y="1.61955376553046" flipX="FALSE" flipY="FALSE" autoWidth="1" autoHeight="1"/><description>An indication that the related device is expected to undertake the function of receiving the batch.</description><annotations><description>An indication that the related device is expected to undertake the function of receiving the batch.</description></annotations><attributes><attribute name="typeCode" rimClassName="CommunicationFunction" datatype="CS" cardinality="1..1" conformance="R" mandatory="true" strength="CNE" codeSystem="CommunicationFunctionType" domainCode="C:CommunicationFunctionType" fixed="RCV" maxLength="0" historyAllowed="false"><description>Describes the type of communication function that the associated entity plays in the associated transmission.</description><annotations><description>Describes the type of communication function that the associated entity plays in the associated transmission.</description><designComm>The type code value, RCV, indicates the related device is the receiver of the batch.</designComm></annotations></attribute></attributes><associations><association name="batch" beginX="4.24" beginY="1.61955376553046" endX="3.36130829160872" endY="2.57231967909107" target="Batch" targetShapeId="Sheet.11" rimTarget="CommunicationFunction" rimName="transmission" shapeId="Sheet.94" source="Receiver" cardinality="" required="0" mandatory="0" blocked="-1" businessName=""><traversal x="0.439345854195638" y="0"/><traversal x="0.439345854195638" y="-0.476382956780308"/><traversal x="0.439345854195638" y="-0.952765913560615"/><annotations/></association><association name="device" beginX="6.09014511411849" beginY="1.61955376553046" endX="7.01" endY="0.738708567980066" target="Device" targetShapeId="Sheet.60" rimTarget="CommunicationFunction" rimName="entity" shapeId="Sheet.75" source="Receiver" cardinality="1..1" required="-1" mandatory="-1" blocked="0" businessName=""><traversal x="-0.768382632940753" y="0"/><traversal x="-0.768382632940753" y="0.440422598775195"/><traversal x="-0.768382632940753" y="0.880845197550389"/><annotations/></association></associations></class><class name="Device" type="Entity" rimName="Device" businessName="Device"><graphics shapeId="Sheet.60" width="2.03323474308454" height="0.75" x="8.02661737154227" y="0.926208567980066" flipX="FALSE" flipY="FALSE" autoWidth="0" autoHeight="1"/><description>Application that sends or receives the message.</description><annotations><description>Application that sends or receives the message.</description><rationale>A subtype of Manufactured Material used in an activity, without being substantially changed through that activity. The kind of device is identified by the code attribute inherited from Entity.</rationale></annotations><attributes><attribute name="classCode" rimClassName="Entity" datatype="CS" cardinality="1..1" conformance="R" mandatory="true" strength="CNE" codeSystem="EntityClass" domainCode="DEV" maxLength="0" historyAllowed="false"><annotations/></attribute><attribute name="determinerCode" rimClassName="Entity" datatype="CS" cardinality="1..1" conformance="R" mandatory="true" strength="CNE" codeSystem="EntityDeterminer" domainCode="INSTANCE" maxLength="0" historyAllowed="false"><annotations/></attribute><attribute name="id" rimClassName="Entity" datatype="II.BUS" cardinality="1..1" conformance="R" mandatory="true" maxLength="0" historyAllowed="false" businessName="Application id"><description>The unique identifier of the application or system from which the message has originated or to which it is being sent.</description><annotations><description>The unique identifier of the application or system from which the message has originated or to which it is being sent.</description><rationale>Identifies the sending or receiving device/system inside the organization.</rationale><designComm>(BC BATCH) Datatype constrained to II.BUS from SET(II). Cardinality is constrained to (1..1) from (1..*).</designComm><issues>(BC BATCH) Root OID is incorrect and must be changed (Issue #7).</issues><impNotes>(BC BATCH) The Receiver OID for the BC.CR.BATCH  is 2.16.840.1.113883.3.51.1.1.4

The Sender OID for the BC.CR.BATCH  is 2.16.840.1.113883.3.51.1.1.5</impNotes></annotations></attribute></attributes><associations><association name="receiver" beginX="7.01" beginY="0.738708567980066" endX="6.09014511411849" endY="1.61955376553046" target="Receiver" targetShapeId="Sheet.38" rimTarget="Entity" rimName="communicationFunction" shapeId="Sheet.75" source="Device" cardinality="" required="0" mandatory="0" blocked="-1" businessName=""><traversal x="-0.768382632940753" y="0"/><traversal x="-0.768382632940753" y="0.440422598775195"/><traversal x="-0.768382632940753" y="0.880845197550389"/><annotations/></association><association name="sender" beginX="7.01" beginY="1.11370856798007" endX="6.10072670286361" endY="2.79731967909107" target="Sender" targetShapeId="Sheet.7" rimTarget="Entity" rimName="communicationFunction" shapeId="Sheet.57" source="Device" cardinality="" required="0" mandatory="0" blocked="-1" businessName=""><traversal x="-0.454636648568195" y="0"/><traversal x="-0.454636648568195" y="0.841805555555503"/><traversal x="-0.454636648568195" y="1.68361111111101"/><annotations/></association><association name="asAgent" endX="8.37823474308454" endY="2.18" beginX="7.51830868577113" beginY="1.30120856798007" target="Agent" targetShapeId="Sheet.44" rimTarget="Entity" rimName="playedRole" source="Device" cardinality="0..1" required="0" mandatory="0" blocked="0" businessName=""><annotations/></association></associations></class><class name="Sender" type="OtherClass" rimName="CommunicationFunction" businessName="Sending entity"><graphics shapeId="Sheet.7" width="1.85014511411849" height="0.75" x="5.17565414580436" y="2.79731967909107" flipX="FALSE" flipY="FALSE" autoWidth="1" autoHeight="1"/><description>An indication that the related device has undertaken the function of sending the batch.</description><annotations><description>An indication that the related device has undertaken the function of sending the batch.</description></annotations><attributes><attribute name="typeCode" rimClassName="CommunicationFunction" datatype="CS" cardinality="1..1" conformance="R" mandatory="true" strength="CNE" codeSystem="CommunicationFunctionType" domainCode="C:CommunicationFunctionType" fixed="SND" maxLength="0" historyAllowed="false"><description>Describes the type of communication function that the associated entity plays in the associated transmission.</description><annotations><description>Describes the type of communication function that the associated entity plays in the associated transmission.</description><designComm>The type code value, SND, indicates the related device is the sender of the batch.</designComm></annotations></attribute></attributes><associations><association name="batch" beginX="4.25058158874512" beginY="2.98481967909107" endX="3.36130829160872" endY="2.98361740620967" target="Batch" targetShapeId="Sheet.11" rimTarget="CommunicationFunction" rimName="transmission" shapeId="Sheet.97" source="Sender" cardinality="" required="0" mandatory="0" blocked="-1" businessName=""><traversal x="0.444636648568197" y="0"/><traversal x="0.444636648568197" y="6.01136440701699E-04"/><traversal x="0.444636648568197" y="1.2022728814034E-03"/><annotations/></association><association name="device" beginX="6.10072670286361" beginY="2.79731967909107" endX="7.01" endY="1.11370856798007" target="Device" targetShapeId="Sheet.60" rimTarget="CommunicationFunction" rimName="entity" shapeId="Sheet.57" source="Sender" cardinality="1..1" required="-1" mandatory="-1" blocked="0" businessName=""><traversal x="-0.454636648568195" y="0"/><traversal x="-0.454636648568195" y="0.841805555555503"/><traversal x="-0.454636648568195" y="1.68361111111101"/><annotations/></association></associations></class><class name="Agent" type="Role" rimName="RoleHeir" businessName="Organization association"><graphics shapeId="Sheet.44" width="1.25" height="0.5" x="8.87823474308454" y="2.38" flipX="FALSE" flipY="FALSE" autoWidth="1" autoHeight="1"/><description>A way of associating a device with the organization for which it acts as an agent.</description><annotations><description>A way of associating a device with the organization for which it acts as an agent.</description></annotations><attributes><attribute name="classCode" rimClassName="Role" datatype="CS" cardinality="1..1" conformance="R" mandatory="true" strength="CNE" codeSystem="RoleClass" domainCode="AGNT" maxLength="0" historyAllowed="false"><annotations><designComm>The class code value, AGNT, indicates that the scoping entity is the organization that manages the device.</designComm></annotations></attribute></attributes><associations><association name="agentDevice" beginX="8.37823474308454" beginY="2.18" endX="7.51830868577113" endY="1.30120856798007" target="Device" targetShapeId="Sheet.60" rimTarget="Role" rimName="player" source="Agent" cardinality="" required="0" mandatory="0" blocked="-1" businessName=""><annotations/></association><association name="representedOrganization" beginX="8.37823474308454" beginY="2.58" endX="8.07181277804905" endY="3.255" target="Organization" targetShapeId="Sheet.72" rimTarget="Role" rimName="scoper" source="Agent" cardinality="0..1" required="0" mandatory="0" blocked="0" businessName=""><annotations/></association></associations></class><class name="Organization" type="Entity" rimName="Organization" businessName="Organization"><graphics shapeId="Sheet.72" width="1.7937142974681" height="0.75" x="8.07181277804905" y="3.63" flipX="FALSE" flipY="FALSE" autoWidth="1" autoHeight="1"/><description>An organization that is involved in the sending and/or receiving of the batch or of information related to it.</description><annotations><description>An organization that is involved in the sending and/or receiving of the batch or of information related to it.</description></annotations><attributes><attribute name="classCode" rimClassName="Entity" datatype="CS" cardinality="1..1" conformance="R" mandatory="true" strength="CNE" codeSystem="EntityClass" domainCode="ORG" maxLength="0" historyAllowed="false"><annotations><designComm>The class code value, ORG, indicates that the entity is an organization.</designComm></annotations></attribute><attribute name="determinerCode" rimClassName="Entity" datatype="CS" cardinality="1..1" conformance="R" mandatory="true" strength="CNE" codeSystem="EntityDeterminer" domainCode="INSTANCE" maxLength="0" historyAllowed="false"><annotations><designComm>The determiner code value, INSTANCE, indicates that a particular organization instance is being referred to.</designComm></annotations></attribute><attribute name="id" rimClassName="Entity" datatype="II.BUS" cardinality="1..1" conformance="R" mandatory="true" maxLength="0" historyAllowed="false" businessName="Organization id"><description>An identifier for the sending or receiving organization.</description><annotations><description>An identifier for the sending or receiving organization.</description><rationale>May be used for routing/filtering purposes. Also allows tracking of the original responsible party for messages which may undergo multiple routing or translation steps.</rationale><designComm>(BC BATCH) Data type is constrained to II.BUS from SET(II).</designComm><issues>(BC BATCH) Organization id OID is incorrect (Issue #8).</issues><impNotes>(BC BATCH) Root OID is 2.16.840.1.113883.3.51.200</impNotes></annotations></attribute></attributes><associations><association name="agent" endX="8.37823474308454" endY="2.58" beginX="8.07181277804905" beginY="3.255" target="Agent" targetShapeId="Sheet.44" rimTarget="Entity" rimName="scopedRole" source="Organization" cardinality="" required="0" mandatory="0" blocked="-1" businessName=""><annotations/></association></associations></class><entryPoint entryClass="Batch" name="Batch Wrapper" type="EntryPoint" id="MCCI_MT200100BC"><graphics shapeId="Sheet.31" connectedShape="Sheet.11" width="1.17322623662283" height="0.633481807454428" beginX="1.88676525691546" beginY="4.17231967909107" endX="1.90065414580436" endY="3.39491513332827"/><annotations/><notes><text>Entry point for Batch Transmissions</text></notes></entryPoint></page></pages></hl7model>
