<?xml version="1.0"?>
<hl7model rendered="6/13/2013 1:09:59 PM" datatypesRelease="R1"><pages><page name="Pg-1" width="4.51" height="2.05258193088109"><entryPoint entryClass="AssignedPerson" name="AssignedPerson" type="EntryPoint" id="COCT_MT090100BC"><graphics shapeId="Sheet.54" connectedShape="Sheet.1" width="2.50725638799002" height="0.500148982747397" beginX="1.31890597177279" beginY="1.52465517035592" endX="1.24390597177279" endY="0.52449342719184"/><annotations/><notes><text>BC constrained version of COCT_MT090100UV</text></notes></entryPoint><class name="AssignedPerson" type="Role" rimName="RoleHeir" businessName="*Assigned Person"><graphics shapeId="Sheet.1" width="1.52390838926497" height="0.514493427191841" x="1.24390597177279" y="0.26724671359592" flipX="TRUE" flipY="FALSE" autoWidth="1" autoHeight="1"/><description>Used to identify the data enterer for the Control Act event.</description><annotations><description>Used to identify the data enterer for the Control Act event.</description><rationale>This Assigned Person cmet is used in Control Act wrappers to describe various a message participant and in particular their User Id and/or Jurisdiction.</rationale><designComm>(BC CLAIMS) This is a constrained version of the original UV model.</designComm></annotations><attributes><attribute name="classCode" rimClassName="Role" datatype="CS" cardinality="1..1" conformance="R" mandatory="true" strength="CNE" codeSystem="RoleClass" domainCode="C:RoleClass" fixed="ASSIGNED" maxLength="0" historyAllowed="false"><annotations/></attribute><attribute name="id" rimClassName="Role" datatype="II.BUS" cardinality="1..1" conformance="R" mandatory="true" maxLength="0" historyAllowed="false" businessName="Identifier"><description>Unique identifier the person involved in the action.</description><annotations><description>Unique identifier the person involved in the action.</description><rationale>Allows unique identification of the person which can be critical for authentication, permissions, drill-down and traceability and is therefore mandatory.</rationale><designComm>(BC CLAIMS) Changed cardinality to (1..1) from (1..unbounded) since only one person is allowed according to the BC implementation.</designComm><impNotes>(BC CLAIMS) User ID must be provided and cannot be left blank. OID = 2.16.840.1.113883.3.51.1.1.7</impNotes></annotations></attribute></attributes><associations><association name="representedOrganization" beginX="1.85346932747878" beginY="0.473044084472656" endX="3.80320994894427" endY="0.886087382676866" target="E_OrganizationContact" targetShapeId="Sheet.61" rimTarget="Role" rimName="scoper" source="AssignedPerson" cardinality="0..1" required="0" mandatory="0" blocked="0" businessName=""><annotations/></association></associations></class><class name="E_OrganizationContact" cmetId="COCT_MT150003BC" cmetType="Entity" attLevel="contact" domain="EntityClass" mnemonic="ORG" type="CMET" rimName="Organization" id="COCT_MT150003BC"><graphics shapeId="Sheet.61" width="1.16131675175955" height="0.627825234646268" x="3.91934162412023" y="1.2" flipX="FALSE" flipY="FALSE" autoWidth="1" autoHeight="1"/><annotations/><associations><association name="assignedPerson" endX="1.85346932747878" endY="0.473044084472656" beginX="3.80320994894427" beginY="0.886087382676866" target="AssignedPerson" targetShapeId="Sheet.1" rimTarget="Entity" rimName="scopedRole" source="E_OrganizationContact" cardinality="" required="0" mandatory="0" blocked="-1" businessName=""><annotations/></association></associations></class></page></pages></hl7model>
