<?xml version="1.0"?>
<hl7model rendered="6/24/2013 2:01:19 PM" datatypesRelease="R1"><pages><page name="Pg-1" width="3.53885564471745" height="2.42125958523221"><class name="Organization" type="Entity" rimName="Organization" businessName="Organization"><graphics shapeId="Sheet.1" width="2.4361589080638" height="0.75" x="1.83192782235872" y="0.385" flipX="FALSE" flipY="FALSE" autoWidth="1" autoHeight="1"/><description>Used to identify the organization the data enterer belongs to.</description><annotations><description>Used to identify the organization the data enterer belongs to.</description><designComm>(BC CLAIMS) This is a BC adaptation of the HL7 UV model.</designComm><issues>(BC CLAIMS) contractParty class is not supported by the Service, but required by the Standard. (Issue #28)</issues></annotations><attributes><attribute name="classCode" rimClassName="Entity" datatype="CS" cardinality="1..1" conformance="R" mandatory="true" strength="CNE" codeSystem="EntityClass" domainCode="C:EntityClass" fixed="ORG" maxLength="0" historyAllowed="false"><annotations/></attribute><attribute name="determinerCode" rimClassName="Entity" datatype="CS" cardinality="1..1" conformance="R" mandatory="true" strength="CNE" codeSystem="EntityDeterminer" domainCode="C:EntityDeterminer" fixed="INSTANCE" maxLength="0" historyAllowed="false"><annotations/></attribute><attribute name="id" rimClassName="Entity" datatype="SET&lt;II.BUS&gt;" cardinality="1..*" conformance="R" mandatory="true" maxLength="0" historyAllowed="false" businessName="Organization Identifier"><description>A unique identifier for the organization.</description><annotations><description>A unique identifier for the organization.</description><rationale>Allows the organization to be referenced when determining privileges and for drill-downs to retrieve additional information. Because of its importance, the attribute is mandatory.</rationale><impNotes>(BC CLAIMS) OID must be provided, root =  2.16.840.1.113883.3.51.1.1.3</impNotes></annotations></attribute></attributes></class><entryPoint entryClass="Organization" name="E_Organization contact" type="EntryPoint" id="COCT_MT150003BC"><graphics shapeId="Sheet.5" connectedShape="Sheet.1" width="3.48330008916189" height="0.633481807454428" beginX="1.70692782235872" beginY="1.76" endX="1.83192782235872" endY="0.76"/><annotations/><notes><text>Information for contacting an Organization. This is a BC adaptation of the HL7 UV model.</text></notes></entryPoint></page></pages></hl7model>
