<?xml version="1.0"?>
<hl7model rendered="6/21/2013 2:25:44 PM" datatypesRelease="R1"><pages><page name="Pg-1" width="4.88374366215994" height="1.32"><class name="DetectedIssueEvent" type="Act" rimName="Observation" businessName="DetectedIssueEvent"><graphics shapeId="Sheet.1" width="2.79755569761458" height="1.3" x="3.8237436621599" y="0.66" flipX="FALSE" flipY="FALSE" autoWidth="1" autoHeight="0"/><description>Used to refer to the detected issue in the TriggerEvent Control Act.</description><annotations><description>Used to refer to the detected issue in the TriggerEvent Control Act.</description><rationale>To provide an explanation, including error code and human-readable description, for the original request to the eligibility service.</rationale></annotations><attributes><attribute name="classCode" rimClassName="Act" datatype="CS" cardinality="1..1" conformance="R" mandatory="true" strength="CNE" codeSystem="ActClass" domainCode="C:ActClass" fixed="ALRT" maxLength="0" historyAllowed="false"><annotations/></attribute><attribute name="moodCode" rimClassName="Act" datatype="CS" cardinality="1..1" conformance="R" mandatory="true" strength="CNE" codeSystem="ActMood" domainCode="C:ActMood" fixed="EVN" maxLength="0" historyAllowed="false"><annotations/></attribute><attribute name="code" rimClassName="Act" datatype="CD" cardinality="1..1" conformance="R" mandatory="false" strength="CWE" conceptDomain="ActDetectedIssueCode" maxLength="0" historyAllowed="false" businessName="code"><description>Identifies what type of issue detected during occurrence of an act.</description><annotations><description>Identifies what type of issue detected during occurrence of an act.</description><impNotes>(BC CLAIMS) BC Claims uses its own codes. Refer to the BC Claims Terminology Worksheet for the updated code list for ActDetectedIssueCode.</impNotes></annotations></attribute><attribute name="text" rimClassName="Act" datatype="ST" cardinality="0..1" conformance="" mandatory="false" maxLength="0" historyAllowed="false" businessName="text"><description>Detected issue additional information not provided under the error code.</description><annotations><description>Detected issue additional information not provided under the error code.</description><rationale>Human-readable description possibly with the further explanation of the encountered error.</rationale></annotations></attribute></attributes></class><entryPoint entryClass="DetectedIssueEvent" name="A_DetectedIssueEvent" type="EntryPoint" id="MCAI_MT900001BC"><graphics shapeId="Sheet.5" connectedShape="Sheet.1" width="1.98874366215994" height="0.633481807454428" beginX="2" beginY="0.6" endX="2.42496581335261" endY="0.66"/><annotations/><notes><text>Used to refer to the detected issue in the TriggerEvent Control Act. </text></notes></entryPoint></page></pages></hl7model>
