<?xml version="1.0"?>
<hl7model rendered="6/25/2013 11:20:47 AM" datatypesRelease="R1"><pages><page name="Pg-1" width="9.99358053481949" height="3.92"><class name="PolicyOrAccount" type="Act" rimName="FinancialContract" businessName="Policy identifier"><graphics shapeId="Sheet.1" width="2.6992608366845" height="3.31" x="4.02957183824586" y="2.015" flipX="FALSE" flipY="FALSE" autoWidth="0" autoHeight="0"/><description>Policy identifier.</description><annotations><description>Policy identifier.</description><issues>(BC CLAIMS) "code" element is required by the Standard but is not supported by the Service (Issue #31).</issues><impNotes>(BC CLAIMS) For Eligibility, the final YES/NO is derived based on the combination of statusCode, effectiveTime and negationInd.

See the model picture or Implementation Guide for details.</impNotes></annotations><attributes><attribute name="classCode" rimClassName="Act" datatype="CS" cardinality="1..1" conformance="R" mandatory="true" strength="CNE" codeSystem="ActClass" domainCode="C:ActClass" fixed="COV" maxLength="0" historyAllowed="false"><annotations/></attribute><attribute name="moodCode" rimClassName="Act" datatype="CS" cardinality="1..1" conformance="R" mandatory="true" strength="CNE" codeSystem="ActMood" domainCode="C:ActMood" fixed="EVN" maxLength="0" historyAllowed="false"><annotations/></attribute><attribute name="code" rimClassName="Act" datatype="CD" cardinality="0..1" conformance="" mandatory="false" strength="CWE" conceptDomain="ActCode" maxLength="0" historyAllowed="false" businessName="Policy Type"><description>Types of insurance coverage legal documentation to cover healthcare costs.</description><annotations><description>Types of insurance coverage legal documentation to cover healthcare costs.</description><rationale>Used to identify the type of coverage the policy provides.  For example: Health Spending Account.</rationale><designComm>(BC CLAIMS) Cardinality is changed to (0..1) from (1..1). Conformance is changed to Optional.</designComm><issues>(BC CLAIMS) "code" element is required by the Standard but is not supported by the Service. (Issue #15)</issues></annotations></attribute><attribute name="negationInd" rimClassName="Act" datatype="BL" cardinality="1..1" conformance="R" mandatory="true" maxLength="0" historyAllowed="false" businessName="Presence of Policy"><description>Used to indicate presence of a policy for eligibility.</description><annotations><description>Used to indicate presence of a policy for eligibility.</description><rationale>The negationInd is an attribute which negates the meaning of Policy coverage.</rationale><impNotes>(BC CLAIMS) If result is successful the negationInd must be "false", otherwise "true".</impNotes></annotations></attribute><attribute name="statusCode" rimClassName="Act" datatype="CS" cardinality="0..1" conformance="R" mandatory="false" strength="CNE" codeSystem="C:ActStatus" default="active" maxLength="0" historyAllowed="false" businessName="Eligibility Status Code"><description>Eligibility Status Code</description><annotations><description>Eligibility Status Code</description><rationale>The status reflects the state of the activity.</rationale><impNotes>(BC CLAIMS) The status code alone can be used to determine if the answer is a YES (active) or NO (any other value) for eligibility, and is all subscribers of this service truly care about.</impNotes></annotations></attribute><attribute name="effectiveTime" rimClassName="Act" datatype="TS.DATETIME" cardinality="0..1" conformance="R" mandatory="false" maxLength="0" historyAllowed="false" businessName="Effective Time"><description>Effective time of eligibility coverage.</description><annotations><description>Effective time of eligibility coverage.</description><rationale>Shows the time or time range when the policy is or will be in effect.</rationale><impNotes>(BC CLAIMS) Effective time will never show up with a value other than a null flavour (NI or MSK). The reason is that BC implementation is intentionally masking the date ranges if they are known, as the service is intended strictly to return if a client has coverage at a given point in time.</impNotes></annotations></attribute></attributes><associations><association name="author" beginX="5.37920225658811" beginY="2.677" endX="5.37920225658811" endY="2.677" target="Author" targetShapeId="Sheet.12" rimTarget="Act" rimName="participation" source="PolicyOrAccount" cardinality="0..1" required="-1" mandatory="0" blocked="0" businessName=""><annotations/></association></associations></class><entryPoint entryClass="PolicyOrAccount" name="Eligibility Query Result" type="EntryPoint" id="QUCR_MT210101BC"><graphics shapeId="Sheet.5" connectedShape="Sheet.1" width="1.95142447881033" height="0.633481807454428" beginX="2.08920225658811" beginY="2.59" endX="2.6799414199036" endY="2.677"/><annotations/><notes><text>Entry point for eligibility query results message.</text></notes></entryPoint><class name="Author" type="Participation" rimName="Participation" businessName="Author"><graphics shapeId="Sheet.12" width="1.96279539320186" height="0.302827269151476" x="6.36059995318904" y="2.67292928120929" beginX="5.37920225658811" beginY="2.677" endX="7.34199764978997" endY="2.66885856241858" arrowWidth="66 in"/><description>A party that originates the Act and therefore has responsibility for the information given in the Act and ownership of this Act.</description><annotations><description>A party that originates the Act and therefore has responsibility for the information given in the Act and ownership of this Act.</description><designComm>(BC CLAIMS) Association is relaxed from (1..1) to (0..1) to match the BC implementation.</designComm><issues>(BC CLAIMS) Author class is required by the Standard but is not supported by the Service or missed in the Response. (Issue #13)</issues></annotations><attributes><attribute name="typeCode" rimClassName="Participation" datatype="CS" cardinality="1..1" conformance="R" mandatory="true" strength="CNE" codeSystem="ParticipationType" domainCode="C:ParticipationType" fixed="AUT" maxLength="0" historyAllowed="false"><description>The kind of Participation or involvement the Entity playing the Role associated with the Participation has with regard to the associated Act.</description><annotations><description>The kind of Participation or involvement the Entity playing the Role associated with the Participation has with regard to the associated Act.</description></annotations></attribute></attributes><associations><association name="policyOrAccount" beginX="5.37920225658811" beginY="2.677" endX="5.37920225658811" endY="2.677" target="PolicyOrAccount" targetShapeId="Sheet.1" rimTarget="Participation" rimName="act" source="Author" cardinality="" required="0" mandatory="0" blocked="-1" businessName=""><annotations/></association><association name="carrierRole" beginX="7.34199764978997" beginY="2.66885856241858" endX="7.34199764978997" endY="2.66885856241858" target="CarrierRole" targetShapeId="Sheet.18" rimTarget="Participation" rimName="role" source="Author" cardinality="1..1" required="-1" mandatory="0" blocked="0" businessName=""><annotations/></association></associations></class><class name="CarrierRole" type="Role" rimName="RoleHeir" businessName="Carrier Role"><graphics shapeId="Sheet.18" width="1.44340683286849" height="0.514493427191841" x="8.06370106622422" y="2.6174092196994" flipX="TRUE" flipY="TRUE" autoWidth="1" autoHeight="1"/><description>A role played by a person or an organization.</description><annotations><description>A role played by a person or an organization.</description><rationale>It is the party that accepts fiscal responsibility for insurance plans and the policies created under those plans.</rationale></annotations><attributes><attribute name="classCode" rimClassName="Role" datatype="CS" cardinality="1..1" conformance="R" mandatory="true" strength="CNE" codeSystem="RoleClass" domainCode="C:RoleClass" fixed="UNDWRT" maxLength="0" historyAllowed="false"><annotations/></attribute><attribute name="id" rimClassName="Role" datatype="II.BUS" cardinality="1..1" conformance="R" mandatory="true" maxLength="0" historyAllowed="false"><description>Identifies the organization requesting the eligibility information.</description><annotations><description>Identifies the organization requesting the eligibility information.</description><designComm>(BC CLAIMS) Data type constrained to II.BUS from II.</designComm><impNotes>(BC CLAIMS) Root OID is 2.16.840.1.113883.3.51.1.1.3</impNotes></annotations></attribute></attributes><associations><association name="origination" beginX="7.34199764978997" beginY="2.66885856241858" endX="7.34199764978997" endY="2.66885856241858" target="Author" targetShapeId="Sheet.12" rimTarget="Role" rimName="participation" source="CarrierRole" cardinality="" required="0" mandatory="0" blocked="-1" businessName=""><annotations/></association></associations></class></page></pages></hl7model>
