<?xml version="1.0"?>
<hl7model rendered="6/24/2013 2:35:21 PM" datatypesRelease="R1"><pages><page name="Pg-1" width="5.67" height="2.47"><entryPoint entryClass="ParameterList" name="Eligibility Query Request" type="EntryPoint" id="QUCR_MT200000BC"><graphics shapeId="Sheet.12" connectedShape="Sheet.20" width="1.76586700742904" height="0.633481807454428" beginX="1.41" beginY="1.71" endX="1.26708717497917" endY="0.9366666666667"/><annotations/><notes><text>Entry point for eligibility query request message</text></notes></entryPoint><class name="ParameterList" type="OtherClass" rimName="ParameterList"><graphics shapeId="Sheet.20" width="1.25" height="0.75" x="0.954587174979167" y="0.5616666666667" flipX="FALSE" flipY="FALSE" autoWidth="1" autoHeight="1"/><description>References the parameter names and the values used by the query.</description><annotations><description>References the parameter names and the values used by the query.</description><rationale>Used to filter the information returned by the query. All queries must have parameters, therefore this element is mandatory.</rationale><issues>(BC CLAIMS) ParameterList id is required by the Standard but is not supported by the Service (Issue #11).
ServiceDate class is required by the Standard but is not supported by the Service (Issue #29).
CoveredPartyAsPatientPerson.Name class is required by the Standard but is not supported by the Service (Issue #30).</issues></annotations><associations><association name="coveredPartyAsPatient" beginX="1.57958717497917" beginY="0.5616666666667" endX="3.5" endY="0.56" target="CoveredPartyAsPatient" targetShapeId="Sheet.5" rimTarget="ParameterList" rimName="parameter" shapeId="Sheet.30" source="ParameterList" cardinality="1..1" required="-1" mandatory="0" blocked="0" businessName=""><traversal x="0.960206412510417" y="0"/><traversal x="0.960206412510417" y="-8.33333333349895E-04"/><traversal x="0.960206412510417" y="-1.66666666669979E-03"/><annotations/></association><association name="policyOrAccount" beginX="1.57958717497917" beginY="0.7491666666667" endX="3.5077767166224" endY="1.57" target="PolicyOrAccount" targetShapeId="Sheet.1" rimTarget="ParameterList" rimName="parameter" shapeId="Sheet.8" source="ParameterList" cardinality="1..1" required="-1" mandatory="0" blocked="0" businessName=""><traversal x="0.964094770821615" y="0"/><traversal x="0.964094770821615" y="0.41041666666665"/><traversal x="0.964094770821615" y="0.8208333333333"/><annotations/></association></associations></class><class name="CoveredPartyAsPatient" type="OtherClass" rimName="ParameterItem" businessName="Patient identifer"><graphics shapeId="Sheet.5" width="1.97928787534896" height="0.75" x="4.48964393767448" y="0.56" flipX="FALSE" flipY="FALSE" autoWidth="1" autoHeight="1"/><description>Patient identifer.</description><annotations><description>Patient identifer.</description><designComm>(BC CLAIMS) Association is constrained to (1..1) from (0..2).</designComm></annotations><attributes><attribute name="value" rimClassName="ParameterItem" datatype="II.BUS" cardinality="1..1" conformance="R" mandatory="true" maxLength="0" historyAllowed="false" businessName="Patient identifer"><description>Patient identifer.</description><annotations><description>Patient identifer.</description><rationale>Uniquely identifies a patient presented the policy. The attribute is therefore mandatory.</rationale><designComm>(BC CLAIMS) Data type constrained to II.BUS from II.</designComm><impNotes>(BC CLAIMS) Only BC PHN is supported, root OID is 2.16.840.1.113883.3.51.1.1.6.1.

value/@extension is valid BC PHN.</impNotes></annotations></attribute></attributes><associations><association name="parameterList" beginX="3.5" beginY="0.56" endX="1.57958717497917" endY="0.5616666666667" target="ParameterList" targetShapeId="Sheet.20" rimTarget="Parameter" rimName="parameterList" shapeId="Sheet.30" source="CoveredPartyAsPatient" cardinality="" required="0" mandatory="0" blocked="-1" businessName=""><traversal x="0.960206412510417" y="0"/><traversal x="0.960206412510417" y="-8.33333333349895E-04"/><traversal x="0.960206412510417" y="-1.66666666669979E-03"/><annotations/></association></associations></class><class name="PolicyOrAccount" type="OtherClass" rimName="ParameterItem" businessName="PolicyOrAccount"><graphics shapeId="Sheet.1" width="1.95444656675521" height="0.75" x="4.485" y="1.57" flipX="FALSE" flipY="FALSE" autoWidth="1" autoHeight="1"/><description>Policy identifier.</description><annotations><description>Policy identifier.</description><designComm>(BC CLAIMS) Association is constrained to (1..1) from (0..2).</designComm></annotations><attributes><attribute name="value" rimClassName="ParameterItem" datatype="II.BUS" cardinality="1..1" conformance="R" mandatory="true" maxLength="0" historyAllowed="false" businessName="Policy identifier"><description>Policy identifier value.</description><annotations><description>Policy identifier value.</description><rationale>Provides a type of policy presented by the patient to identify the coverage. The attribute is therefore mandatory.</rationale><designComm>(BC CLAIMS) Data type constrained to II.BUS from II.</designComm><impNotes>(BC CLAIMS) Root OID is 2.16.840.1.113883.3.51.1.1.6

Only basic coverage (MSP) is supported, therefore /value/@extension is always "MSP".</impNotes></annotations></attribute></attributes><associations><association name="parameterList" beginX="3.5077767166224" beginY="1.57" endX="1.57958717497917" endY="0.7491666666667" target="ParameterList" targetShapeId="Sheet.20" rimTarget="Parameter" rimName="parameterList" shapeId="Sheet.8" source="PolicyOrAccount" cardinality="" required="0" mandatory="0" blocked="-1" businessName=""><traversal x="0.964094770821615" y="0"/><traversal x="0.964094770821615" y="0.41041666666665"/><traversal x="0.964094770821615" y="0.8208333333333"/><annotations/></association></associations></class></page></pages></hl7model>
