<?xml version="1.0"?>
<hl7model rendered="6/24/2013 2:38:41 PM" datatypesRelease="R1"><pages><page name="Pg-1" width="12.6053722437282" height="4.97449266425239"><class name="ParameterList" type="OtherClass" stub="true" rimName="ParameterList" businessName="*Query values"><graphics shapeId="Sheet.72" width="1.25" height="0.75" x="11.6277322687529" y="3.75949266425239" flipX="FALSE" flipY="FALSE" autoWidth="1" autoHeight="1"/><description>References the parameter names and the values used by the query.</description><annotations><description>References the parameter names and the values used by the query.</description><rationale>Used to filter the information returned by the query. All queries must have parameters, therefore this element is mandatory.</rationale></annotations><associations><association name="queryByParameter" beginX="11.0027322687529" beginY="3.75949266425239" endX="9.34561172788802" endY="3.9125" target="QueryByParameter" targetShapeId="Sheet.76" rimTarget="Parameter" rimName="queryByParameter" shapeId="Sheet.52" source="ParameterList" cardinality="" required="0" mandatory="0" blocked="-1" businessName=""><traversal x="-0.828560270432453" y="0"/><traversal x="-0.828560270432453" y="7.65036678738069E-02"/><traversal x="-0.828560270432453" y="0.153007335747614"/><annotations/></association></associations></class><class name="QueryByParameter" type="OtherClass" rimName="QueryByParameter" businessName="Original query"><graphics shapeId="Sheet.76" width="2.44561172788802" height="0.75" x="8.12280586394401" y="3.725" flipX="FALSE" flipY="FALSE" autoWidth="1" autoHeight="1"/><description>Entry point for the parameters used by the query.</description><annotations><description>Entry point for the parameters used by the query.</description><rationale>Reference the parameters and values originally submitted and used to filter the information returned by the query.</rationale></annotations><attributes><attribute name="statusCode" rimClassName="QueryEvent" datatype="CS" cardinality="0..1" conformance="" mandatory="false" strength=" CNE" conceptDomain="QueryStatusCode" maxLength="0" historyAllowed="false"><description>State attributes for Query event.</description><annotations><description>State attributes for Query event.</description><rationale>Required for completeness of the specification.</rationale><designComm>(BC CLAIMS) Conformance changed to Optional from Mandatory. Cardinality changed to (0..1) from (1..1).</designComm><issues>(BC CLAIMS) statusCode is required by the Standard but is not supported by the Service. (Issue #25).</issues></annotations></attribute></attributes><associations><association name="controlActProcess" beginX="6.9" beginY="3.725" endX="5.53483783955" endY="3.19359413140191" target="ControlActProcess" targetShapeId="Sheet.11" rimTarget="QueryEvent" rimName="controlAct" shapeId="Sheet.42" source="QueryByParameter" cardinality="" required="0" mandatory="0" blocked="-1" businessName=""><traversal x="-0.682581080225001" y="0"/><traversal x="-0.682581080225001" y="-0.265702934299046"/><traversal x="-0.682581080225001" y="-0.531405868598091"/><annotations/></association><association name="parameterList" beginX="9.34561172788802" beginY="3.9125" endX="11.0027322687529" endY="3.75949266425239" target="ParameterList" targetShapeId="Sheet.72" rimTarget="QueryByParameter" rimName="parameter" shapeId="Sheet.52" source="QueryByParameter" cardinality="1..1" required="-1" mandatory="-1" blocked="0" businessName=""><traversal x="-0.828560270432453" y="0"/><traversal x="-0.828560270432453" y="7.65036678738069E-02"/><traversal x="-0.828560270432453" y="0.153007335747614"/><annotations/></association></associations></class><class name="ControlActProcess" type="Act" rimName="ControlAct" businessName="Message content"><graphics shapeId="Sheet.11" width="1.37997604673568" height="2.60449266425239" x="4.84484981618216" y="2.41224633212619" flipX="FALSE" flipY="FALSE" autoWidth="1" autoHeight="0"/><description>Entry point for query response specification control act. Identifies the action that resulted in this message being sent.</description><annotations><description>Entry point for query response specification control act. Identifies the action that resulted in this message being sent.</description><rationale>Key to understanding what action a message represents.</rationale></annotations><attributes><attribute name="classCode" rimClassName="Act" datatype="CS" cardinality="1..1" conformance="R" mandatory="true" strength="CNE" codeSystem="ActClass" domainCode="C:ActClass" fixed="CACT" maxLength="0" historyAllowed="false"><annotations/></attribute><attribute name="moodCode" rimClassName="Act" datatype="CS" cardinality="1..1" conformance="R" mandatory="true" strength="CNE" codeSystem="ActMood" domainCode="C:ActMood" fixed="EVN" maxLength="0" historyAllowed="false"><annotations/></attribute></attributes><associations><association name="authorOrPerformer" beginX="4.15486179281432" beginY="3.45404339782715" endX="4.15486179281432" endY="3.45404339782715" target="AuthorOrPerformer" targetShapeId="Sheet.15" rimTarget="Act" rimName="participation" source="ControlActProcess" cardinality="0..1" required="0" mandatory="0" blocked="0" businessName=""><annotations/></association><association name="subject" beginX="5.53483783955" beginY="1.37044926642524" endX="5.53483783955" endY="1.37044926642524" target="Subject" targetShapeId="Sheet.120" rimTarget="Act" rimName="outboundRelationship" source="ControlActProcess" cardinality="0..1" required="0" mandatory="0" blocked="0" businessName=""><annotations/></association><association name="queryAck" beginX="5.53483783955" beginY="2.67269559855143" endX="6.45463729858398" endY="2.585" target="QueryAck" targetShapeId="Sheet.96" rimTarget="ControlAct" rimName="queryEvent" shapeId="Sheet.100" source="ControlActProcess" cardinality="1..1" required="-1" mandatory="-1" blocked="0" businessName=""><traversal x="-0.459899729516993" y="0"/><traversal x="-0.459899729516993" y="0.043847799275716"/><traversal x="-0.459899729516993" y="8.76955985514321E-02"/><annotations/></association><association name="queryByParameter" beginX="5.53483783955" beginY="3.19359413140191" endX="6.9" endY="3.725" target="QueryByParameter" targetShapeId="Sheet.76" rimTarget="ControlAct" rimName="queryEvent" shapeId="Sheet.42" source="ControlActProcess" cardinality="0..1" required="0" mandatory="0" blocked="0" businessName=""><traversal x="-0.682581080225001" y="0"/><traversal x="-0.682581080225001" y="-0.265702934299046"/><traversal x="-0.682581080225001" y="-0.531405868598091"/><annotations/></association><association name="reasonOf" beginX="4.84484981618216" beginY="1.11" endX="4.84484981618216" endY="1.11" target="Reason" targetShapeId="Sheet.84" rimTarget="Act" rimName="inboundRelationship" source="ControlActProcess" cardinality="1..1" required="0" mandatory="0" blocked="0" businessName=""><annotations/></association></associations></class><class name="AuthorOrPerformer" type="Participation" rimName="Participation" businessName="Author or physical performer"><graphics shapeId="Sheet.15" width="2.9222733735743" height="0.303152281358507" x="2.69372510602717" y="3.42006539025201" beginX="4.15486179281432" beginY="3.45404339782715" endX="1.23258841924002" endY="3.38608738267687" arrowWidth="66 in"/><description>Query response author or physical performer.</description><annotations><description>Query response author or physical performer.</description><rationale>One who initiates the control act event, either as its author or its physical performer.</rationale><designComm>(BC CLAIMS) Only one author is supported by the Service, therefore the association is changed to (0..1) from (0..*).</designComm></annotations><attributes><attribute name="typeCode" rimClassName="Participation" datatype="CS" cardinality="1..1" conformance="R" mandatory="true" strength="CNE" conceptDomain="x_ParticipationAuthorPerformer" maxLength="0" historyAllowed="false"><annotations><designComm>(BC CLAIMS) Modelling tool issue that does not allow to set a fixed value.</designComm><impNotes>(BC CLAIMS) Must be a fixed value "AUT".</impNotes></annotations></attribute></attributes><associations><association name="controlActProcess" beginX="4.15486179281432" beginY="3.45404339782715" endX="4.15486179281432" endY="3.45404339782715" target="ControlActProcess" targetShapeId="Sheet.11" rimTarget="Participation" rimName="act" source="AuthorOrPerformer" cardinality="" required="0" mandatory="0" blocked="-1" businessName=""><annotations/></association><association name="assignedPerson" beginX="1.23258841924002" beginY="3.38608738267687" endX="1.23258841924002" endY="3.38608738267687" target="R_AssignedPersonUniversal" targetShapeId="Sheet.34" rimTarget="Participation" rimName="role" source="AuthorOrPerformer" cardinality="1..1" required="0" mandatory="0" blocked="0" businessName=""><annotations/></association></associations></class><class name="R_AssignedPersonUniversal" cmetId="COCT_MT090100BC" cmetType="Role(Performed only)" attLevel="universal" domain="RoleClass" mnemonic="ASSIGNED" type="CMET" rimName="RoleHeir" id="COCT_MT090100BC"><graphics shapeId="Sheet.34" width="1.22258841924002" height="0.627825234646268" x="0.621294209620009" y="3.38608738267687" flipX="FALSE" flipY="TRUE" autoWidth="1" autoHeight="1"/><annotations/><associations><association name="production" beginX="1.23258841924002" beginY="3.38608738267687" endX="1.23258841924002" endY="3.38608738267687" target="AuthorOrPerformer" targetShapeId="Sheet.15" rimTarget="Role" rimName="participation" source="R_AssignedPersonUniversal" cardinality="" required="0" mandatory="0" blocked="-1" businessName=""><annotations/></association></associations></class><class name="Subject" type="ActRelationship" rimName="ActRelationship" businessName="*Subject act"><graphics shapeId="Sheet.120" width="2.22516216045" height="0.436485106065539" x="6.647418919775" y="1.45272463321262" beginX="5.53483783955" beginY="1.37044926642524" endX="7.76" endY="1.535" arrowWidth="66 in"/><description>Entry point for the query results.</description><annotations><description>Entry point for the query results.</description><rationale>Relates an Act to its subject Act that the first Act is primarily concerned with.</rationale><designComm>(BC CLAIMS) Only one request per message is supported by the Service, therefore the association is changed to (0..1) from (0..*).</designComm></annotations><attributes><attribute name="typeCode" rimClassName="ActRelationship" datatype="CS" cardinality="1..1" conformance="R" mandatory="true" strength="CNE" codeSystem="ActRelationshipType" domainCode="SUBJ" maxLength="0" historyAllowed="false"><annotations/></attribute><attribute name="contextConductionInd" rimClassName="ActRelationship" datatype="BL" cardinality="0..1" conformance="" mandatory="false" fixed="false" maxLength="0" historyAllowed="false"><description>An indicator determining whether associations in the ancestor act are to be conducted across the ActRelationship to the child act.</description><annotations><description>An indicator determining whether associations in the ancestor act are to be conducted across the ActRelationship to the child act.</description><designComm>(BC CLAIMS) Cardinality changed to (0..1) from (1..1). Conformance changed to Optional.</designComm><issues>(BC CLAIMS) contextConductionInd is required by the Standard but is not supported by the Service. (Issue #32)</issues><impNotes>Must be "false".</impNotes></annotations></attribute></attributes><associations><association name="controlActProcess" beginX="5.53483783955" beginY="1.37044926642524" endX="5.53483783955" endY="1.37044926642524" target="ControlActProcess" targetShapeId="Sheet.11" rimTarget="ActRelationship" rimName="source" source="Subject" cardinality="" required="0" mandatory="0" blocked="-1" businessName=""><annotations/></association><association name="act" beginX="7.76" beginY="1.535" endX="7.76" endY="1.535" target="Act" targetShapeId="Sheet.116" rimTarget="ActRelationship" rimName="target" source="Subject" cardinality="1..1" required="0" mandatory="0" blocked="0" businessName=""><annotations/></association></associations></class><class name="Act" type="Act" stub="true" rimName="ActHeir"><graphics shapeId="Sheet.116" width="1.25" height="0.75" x="8.385" y="1.535" flipX="FALSE" flipY="FALSE" autoWidth="1" autoHeight="1"/><description>This is the entry point stub for the domain defined query response. This may be omitted if the reponse returns no results.</description><annotations><description>This is the entry point stub for the domain defined query response. This may be omitted if the reponse returns no results.</description></annotations><attributes><attribute name="classCode" rimClassName="Act" datatype="CS" cardinality="1..1" conformance="R" mandatory="true" strength="CNE" codeSystem="ActClass" domainCode="C:ActClass" fixed="ACT" maxLength="0" historyAllowed="false"><annotations/></attribute><attribute name="moodCode" rimClassName="Act" datatype="CS" cardinality="1..1" conformance="R" mandatory="true" strength="CNE" codeSystem="ActMood" domainCode="C:ActMood" fixed="EVN" maxLength="0" historyAllowed="false"><annotations/></attribute></attributes><associations><association name="subjectOf" beginX="7.76" beginY="1.535" endX="7.76" endY="1.535" target="Subject" targetShapeId="Sheet.120" rimTarget="Act" rimName="inboundRelationship" source="Act" cardinality="" required="0" mandatory="0" blocked="-1" businessName=""><annotations/></association></associations></class><class name="QueryAck" type="OtherClass" rimName="QueryAck" businessName="Eligibility query result"><graphics shapeId="Sheet.96" width="2.95787979429427" height="0.75" x="7.93357719573112" y="2.585" flipX="FALSE" flipY="FALSE" autoWidth="1" autoHeight="1"/><description>A response to a query.</description><annotations><description>A response to a query.</description></annotations><attributes><attribute name="queryResponseCode" rimClassName="QueryAck" datatype="CS" cardinality="1..1" conformance="R" mandatory="true" strength="CNE" conceptDomain="QueryResponse" maxLength="0" historyAllowed="false"><description>Indicates whether the query was successful or not.</description><annotations><description>Indicates whether the query was successful or not.</description><rationale>Used to control receiver logic and is therefore mandatory.</rationale></annotations></attribute></attributes><associations><association name="controlActProcess" beginX="6.45463729858398" beginY="2.585" endX="5.53483783955" endY="2.67269559855143" target="ControlActProcess" targetShapeId="Sheet.11" rimTarget="QueryEvent" rimName="controlAct" shapeId="Sheet.100" source="QueryAck" cardinality="" required="0" mandatory="0" blocked="-1" businessName=""><traversal x="-0.459899729516993" y="0"/><traversal x="-0.459899729516993" y="0.043847799275716"/><traversal x="-0.459899729516993" y="8.76955985514321E-02"/><annotations/></association></associations></class><class name="Reason" type="ActRelationship" rimName="ActRelationship" businessName="Reason for a service"><graphics shapeId="Sheet.84" width="0.472174765353732" height="1.22113205259505" x="4.86775409603097" y="0.873912617323134" beginX="4.89065837587978" beginY="0.637825234646268" endX="4.84484981618216" endY="1.11" arrowWidth="66 in"/><description>The result of the eligibility query request.</description><annotations><description>The result of the eligibility query request.</description><rationale>To provide an explanation, including error code and human-readable description, for the original request to the eligibility service.</rationale><designComm>(BC CLAIMS) Only one request per message is supported by the Service, therefore the association is constrained to (1..1) from (0..*).</designComm></annotations><attributes><attribute name="typeCode" rimClassName="ActRelationship" datatype="CS" cardinality="1..1" conformance="R" mandatory="true" strength="CNE" codeSystem="ActRelationshipType" domainCode="C:ActRelationshipType" fixed="RSON" maxLength="0" historyAllowed="false"><annotations/></attribute></attributes><associations><association name="detectedIssue" beginX="4.89065837587978" beginY="0.637825234646268" endX="4.89065837587978" endY="0.637825234646268" target="A_DetectedIssueMinimal" targetShapeId="Sheet.110" rimTarget="ActRelationship" rimName="source" source="Reason" cardinality="1..1" required="0" mandatory="0" blocked="0" businessName=""><annotations/></association><association name="controlActProcess" beginX="4.84484981618216" beginY="1.11" endX="4.84484981618216" endY="1.11" target="ControlActProcess" targetShapeId="Sheet.11" rimTarget="ActRelationship" rimName="target" source="Reason" cardinality="" required="0" mandatory="0" blocked="-1" businessName=""><annotations/></association></associations></class><class name="A_DetectedIssueMinimal" cmetId="MCAI_MT900001BC" cmetType="Act" attLevel="minimal" domain="ActClass" mnemonic="ALRT" type="CMET" rimName="Observation" id="MCAI_MT900001BC"><graphics shapeId="Sheet.110" width="1.16131675175955" height="0.627825234646268" x="4.89065837587978" y="0.323912617323134" flipX="FALSE" flipY="FALSE" autoWidth="1" autoHeight="1"/><annotations/><associations><association name="reason" beginX="4.89065837587978" beginY="0.637825234646268" endX="4.89065837587978" endY="0.637825234646268" target="Reason" targetShapeId="Sheet.84" rimTarget="Act" rimName="outboundRelationship" source="A_DetectedIssueMinimal" cardinality="" required="0" mandatory="0" blocked="-1" businessName=""><annotations/></association></associations></class><entryPoint entryClass="ControlActProcess" name="Query Specification Control Act Process" type="EntryPoint" id="QUQI_MT120000BC"><graphics shapeId="Sheet.21" connectedShape="Sheet.11" width="2.80014206236068" height="0.500148982747397" beginX="4.82401084355642" beginY="4.21449266425239" endX="4.84484981618216" endY="3.71449266425239"/><annotations/><notes><text>RMIM entry point for query specification control act</text></notes></entryPoint></page></pages></hl7model>
