<?xml version="1.0"?>
<hl7model rendered="6/24/2013 2:37:50 PM" datatypesRelease="R1"><pages><page name="Pg-1" width="12.02" height="5.02"><class name="ParameterList" type="OtherClass" stub="true" rimName="ParameterList" businessName="*Query values"><graphics shapeId="Sheet.72" width="1.25" height="0.75" x="10.825" y="3.375" flipX="FALSE" flipY="FALSE" autoWidth="1" autoHeight="1"/><description>References the parameter names and the values used by the query.</description><annotations><description>References the parameter names and the values used by the query.</description><rationale>Used to filter the information returned by the query. All queries must have parameters, therefore this element is mandatory.</rationale><designComm>(BC CLAIMS) BC implementation supports only one request for eligibility (one parameter list), therefore association is changed from (1..*) to (1..1).</designComm></annotations><associations><association name="queryByParameter" beginX="10.2" beginY="3.375" endX="9.05561172788802" endY="3.3625" target="QueryByParameter" targetShapeId="Sheet.76" rimTarget="Parameter" rimName="queryByParameter" shapeId="Sheet.52" source="ParameterList" cardinality="" required="0" mandatory="0" blocked="-1" businessName=""><traversal x="-0.572194136055991" y="0"/><traversal x="-0.572194136055991" y="-6.24999999999987E-03"/><traversal x="-0.572194136055991" y="-1.24999999999997E-02"/><annotations/></association></associations></class><class name="QueryByParameter" type="OtherClass" rimName="QueryByParameter" businessName="Submitted query"><graphics shapeId="Sheet.76" width="2.44561172788802" height="0.75" x="7.83280586394401" y="3.175" flipX="FALSE" flipY="FALSE" autoWidth="1" autoHeight="1"/><description>Entry point for the parameters used by the query.</description><annotations><description>Entry point for the parameters used by the query.</description></annotations><attributes><attribute name="statusCode" rimClassName="QueryEvent" datatype="CS" cardinality="0..1" conformance="" mandatory="false" strength=" CNE" conceptDomain="QueryStatusCode" maxLength="0" historyAllowed="false"><description>State attributes for Query event.</description><annotations><description>State attributes for Query event.</description><designComm>(BC CLAIMS) Conformance changed to Optional from Mandatory. Cardinality changed to (0..1) from (1..1).</designComm><issues>(BC CLAIMS) statusCode is required by the Standard but is not supported by the Service. (Issue #25).</issues></annotations></attribute></attributes><associations><association name="controlActProcess" beginX="6.61" beginY="3.175" endX="5.4605634388727" endY="3.16" target="ControlActProcess" targetShapeId="Sheet.11" rimTarget="QueryEvent" rimName="controlAct" shapeId="Sheet.42" source="QueryByParameter" cardinality="" required="0" mandatory="0" blocked="-1" businessName=""><traversal x="-0.574718280563651" y="0"/><traversal x="-0.574718280563651" y="-7.49999999999984E-03"/><traversal x="-0.574718280563651" y="-1.49999999999997E-02"/><annotations/></association><association name="parameterList" beginX="9.05561172788802" beginY="3.3625" endX="10.2" endY="3.375" target="ParameterList" targetShapeId="Sheet.72" rimTarget="QueryByParameter" rimName="parameter" shapeId="Sheet.52" source="QueryByParameter" cardinality="1..1" required="-1" mandatory="-1" blocked="0" businessName=""><traversal x="-0.572194136055991" y="0"/><traversal x="-0.572194136055991" y="-6.24999999999987E-03"/><traversal x="-0.572194136055991" y="-1.24999999999997E-02"/><annotations/></association></associations></class><class name="ControlActProcess" type="Act" rimName="ControlAct" businessName="Message content"><graphics shapeId="Sheet.11" width="1.37997604673568" height="3.8" x="4.77057541550486" y="2.02" flipX="FALSE" flipY="FALSE" autoWidth="1" autoHeight="0"/><description>Entry point for query specification control act. Identifies the action that resulted in this message being sent.</description><annotations><description>Entry point for query specification control act. Identifies the action that resulted in this message being sent.</description><rationale>Key to understanding what action a message represents.</rationale></annotations><attributes><attribute name="classCode" rimClassName="Act" datatype="CS" cardinality="1..1" conformance="R" mandatory="true" strength="CNE" codeSystem="ActClass" domainCode="C:ActClass" fixed="CACT" maxLength="0" historyAllowed="false"><annotations/></attribute><attribute name="moodCode" rimClassName="Act" datatype="CS" cardinality="1..1" conformance="R" mandatory="true" strength="CNE" codeSystem="ActMood" domainCode="C:ActMood" fixed="EVN" maxLength="0" historyAllowed="false"><annotations/></attribute></attributes><associations><association name="authorOrPerformer" beginX="4.08058739213702" beginY="3.54" endX="4.08058739213702" endY="3.54" target="AuthorOrPerformer" targetShapeId="Sheet.15" rimTarget="Act" rimName="participation" source="ControlActProcess" cardinality="0..1" required="0" mandatory="0" blocked="0" businessName=""><annotations/></association><association name="queryByParameter" beginX="5.4605634388727" beginY="3.16" endX="6.61" endY="3.175" target="QueryByParameter" targetShapeId="Sheet.76" rimTarget="ControlAct" rimName="queryEvent" shapeId="Sheet.42" source="ControlActProcess" cardinality="0..1" required="0" mandatory="0" blocked="0" businessName=""><traversal x="-0.574718280563651" y="0"/><traversal x="-0.574718280563651" y="-7.49999999999984E-03"/><traversal x="-0.574718280563651" y="-1.49999999999997E-02"/><annotations/></association></associations></class><class name="AuthorOrPerformer" type="Participation" rimName="Participation" businessName="Author or physical performer"><graphics shapeId="Sheet.15" width="2.647998972897" height="0.303152281358507" x="2.75658790568852" y="3.52079735921224" beginX="4.08058739213702" beginY="3.54" endX="1.43258841924002" endY="3.50159471842448" arrowWidth="66 in"/><description>Query author or physical performer</description><annotations><description>Query author or physical performer</description><rationale>One who initiates the control act event, either as its author or its physical performer.</rationale><designComm>(BC CLAIMS) Only one author is supported by the Service, therefore the association is changed to (0..1) from (0..*).</designComm></annotations><attributes><attribute name="typeCode" rimClassName="Participation" datatype="CS" cardinality="1..1" conformance="R" mandatory="true" strength="CNE" conceptDomain="x_ParticipationAuthorPerformer" maxLength="0" historyAllowed="false"><annotations><impNotes>(BC CLAIMS) Must be a fixed value "AUT".</impNotes></annotations></attribute></attributes><associations><association name="controlActProcess" beginX="4.08058739213702" beginY="3.54" endX="4.08058739213702" endY="3.54" target="ControlActProcess" targetShapeId="Sheet.11" rimTarget="Participation" rimName="act" source="AuthorOrPerformer" cardinality="" required="0" mandatory="0" blocked="-1" businessName=""><annotations/></association><association name="assignedPerson" beginX="1.43258841924002" beginY="3.50159471842448" endX="1.43258841924002" endY="3.50159471842448" target="R_AssignedPersonUniversal" targetShapeId="Sheet.34" rimTarget="Participation" rimName="role" source="AuthorOrPerformer" cardinality="1..1" required="0" mandatory="0" blocked="0" businessName=""><annotations/></association></associations></class><class name="R_AssignedPersonUniversal" cmetId="COCT_MT090100BC" cmetType="Role(Performed only)" attLevel="universal" domain="RoleClass" mnemonic="ASSIGNED" type="CMET" rimName="RoleHeir" id="COCT_MT090100BC"><graphics shapeId="Sheet.34" width="1.22258841924002" height="0.627825234646268" x="0.821294209620009" y="3.50159471842448" flipX="FALSE" flipY="TRUE" autoWidth="1" autoHeight="1"/><annotations/><associations><association name="production" beginX="1.43258841924002" beginY="3.50159471842448" endX="1.43258841924002" endY="3.50159471842448" target="AuthorOrPerformer" targetShapeId="Sheet.15" rimTarget="Role" rimName="participation" source="R_AssignedPersonUniversal" cardinality="" required="0" mandatory="0" blocked="-1" businessName=""><annotations/></association></associations></class><entryPoint entryClass="ControlActProcess" name="Query Specification Control Act Process" type="EntryPoint" id="QUQI_MT020000BC"><graphics shapeId="Sheet.21" connectedShape="Sheet.11" width="2.80014206236068" height="0.500148982747397" beginX="4.74973644287912" beginY="4.42" endX="4.77057541550486" endY="3.92"/><annotations/><notes><text>RMIM entry point for query specification control act</text></notes></entryPoint></page></pages></hl7model>
